train_size,run,early_epochs,early_acc,early_loss,smart_epochs,smart_acc,smart_loss,param_epochs,param_acc,param_loss,diff_epochs,diff_loss,diff_acc,rel_epochs_saved,utility,smart_better,dataset
500,0,25,0.8314,0.37322668597102165,8,0.8147,0.5509994041919708,17,0.8254,0.3476626586914062,17,-0.17777271822094914,0.016700000000000048,0.679999999728,-0.017299999999999954,False,MNIST
500,1,26,0.8249,0.5010422152280808,8,0.8046,0.6119095802307128,14,0.8198,0.42910103559494017,18,-0.11086736500263206,0.020299999999999985,0.6923076920414201,-0.01570000000000002,False,MNIST
500,2,26,0.8304,0.45250068545341493,8,0.8108,0.4892597675323486,14,0.8332,0.5020635342597961,18,-0.03675908207893369,0.019600000000000062,0.6923076920414201,-0.016399999999999942,False,MNIST
500,3,25,0.8404,0.39672174692153933,8,0.8024,0.5098644185066223,14,0.8212,0.3728168684244156,17,-0.11314267158508301,0.038000000000000034,0.679999999728,0.004000000000000031,True,MNIST
500,4,34,0.8273,0.27299009531736373,8,0.7944,0.530366917848587,14,0.8353,0.38199843645095827,26,-0.2573768225312233,0.03290000000000004,0.7647058821280277,-0.019099999999999964,False,MNIST
500,5,32,0.8309,0.3459062737226486,8,0.7993,0.555896806716919,11,0.8091,0.430094518661499,24,-0.2099905329942704,0.03159999999999996,0.749999999765625,-0.01640000000000004,False,MNIST
500,6,20,0.8375,0.5148693862557411,8,0.8154,0.5042396026849747,13,0.8285,0.496582350730896,12,0.010629783570766382,0.02210000000000001,0.5999999997,-0.001899999999999992,False,MNIST
500,7,19,0.8229,0.5404520547389984,8,0.8087,0.4393294411897659,12,0.8349,0.3587877559661865,11,0.10112261354923247,0.01419999999999999,0.5789473681163435,-0.007800000000000008,False,MNIST
500,8,33,0.8126,0.3634293514490128,8,0.7965,0.48722597122192385,13,0.8249,0.4914004373550415,25,-0.12379661977291107,0.016100000000000003,0.7575757573461891,-0.0339,False,MNIST
500,9,22,0.8257,0.5333026763796807,8,0.8111,0.515199955701828,13,0.8201,0.42444387555122376,14,0.01810272067785268,0.014599999999999946,0.6363636360743802,-0.013400000000000054,False,MNIST
1000,0,16,0.865,0.5124219936132431,8,0.8623,0.34696765661239626,8,0.8602,0.467178373336792,8,0.16545433700084688,0.0027000000000000357,0.4999999996875,-0.013299999999999965,False,MNIST
1000,1,19,0.8637,0.3954711276292801,8,0.8584,0.5134285926818848,8,0.8526,0.43068025887012484,11,-0.11795746505260468,0.005299999999999971,0.5789473681163435,-0.016700000000000027,False,MNIST
1000,2,23,0.8584,0.4514258599281311,8,0.8526,0.4588509726524353,8,0.8544,0.4299572217464447,15,-0.007425112724304184,0.005800000000000027,0.6521739127599243,-0.02419999999999997,False,MNIST
1000,3,20,0.8563,0.32989465445280075,8,0.8481,0.6150207567214966,8,0.8607,0.5274322152137756,12,-0.28512610226869584,0.008199999999999985,0.5999999997,-0.015800000000000015,False,MNIST
1000,4,22,0.8747,0.4866099500656128,8,0.8565,0.348499048948288,8,0.8479,0.5114677560329437,14,0.13811090111732482,0.018199999999999994,0.6363636360743802,-0.009800000000000007,False,MNIST
1000,5,19,0.8646,0.43807605147361756,8,0.8518,0.4921334910392761,8,0.8557,0.4361362016201019,11,-0.05405743956565856,0.012800000000000034,0.5789473681163435,-0.009199999999999965,False,MNIST
1000,6,23,0.8666,0.5092863249778747,8,0.8683,0.4624724745750427,8,0.8629,0.48831342816352846,15,0.046813850402832036,-0.0016999999999999238,0.6521739127599243,-0.03169999999999992,False,MNIST
1000,7,24,0.8601,0.40207848727703094,8,0.853,0.4469152879714966,9,0.8621,0.40948073506355287,16,-0.04483680069446566,0.007099999999999995,0.6666666663888888,-0.024900000000000005,False,MNIST
1000,8,16,0.8706,0.4536812496185303,8,0.8455,0.5102417480945587,8,0.8482,0.5676506519317627,8,-0.0565604984760284,0.02510000000000001,0.4999999996875,0.00910000000000001,True,MNIST
1000,9,18,0.8615,0.5000802057981492,8,0.8607,0.4762757956981659,8,0.854,0.4378814446926117,10,0.023804410099983242,0.0008000000000000229,0.5555555552469136,-0.019199999999999978,False,MNIST
2000,0,19,0.8907,0.29091680496931077,8,0.881,0.37693270087242126,8,0.8852,0.38268200159072874,11,-0.08601589590311048,0.009700000000000042,0.5789473681163435,-0.012299999999999957,False,MNIST
2000,1,19,0.8924,0.390765523314476,8,0.8853,0.35356330752372744,8,0.8836,0.3568157331645489,11,0.03720221579074856,0.007099999999999995,0.5789473681163435,-0.014900000000000004,False,MNIST
2000,2,17,0.8826,0.374291715323925,8,0.8918,0.43570021480321885,8,0.8793,0.4728958247601986,9,-0.06140849947929383,-0.009199999999999986,0.5294117643944637,-0.027199999999999988,False,MNIST
2000,3,18,0.8947,0.3947378847002983,8,0.8885,0.3414155384898186,8,0.8854,0.41791521608829496,10,0.05332234621047971,0.006200000000000094,0.5555555552469136,-0.013799999999999906,False,MNIST
2000,4,19,0.8871,0.32792902380228045,8,0.8887,0.41761100649833677,8,0.892,0.38582689613103865,11,-0.08968198269605632,-0.0016000000000000458,0.5789473681163435,-0.023600000000000045,False,MNIST
2000,5,17,0.8917,0.3561697919666767,8,0.8914,0.3231124469637871,8,0.8891,0.2929663187265396,9,0.03305734500288959,0.000300000000000078,0.5294117643944637,-0.017699999999999924,False,MNIST
2000,6,21,0.8914,0.3080418989062309,8,0.8894,0.3362355467677116,8,0.8913,0.40536751806735993,13,-0.02819364786148071,0.0020000000000000018,0.6190476187528344,-0.024,False,MNIST
2000,7,16,0.8885,0.3948562869429588,8,0.8918,0.3216004729270935,8,0.8901,0.33547632694244384,8,0.07325581401586534,-0.0033000000000000806,0.4999999996875,-0.01930000000000008,False,MNIST
2000,8,20,0.8932,0.26681669492274523,8,0.8906,0.36516147673130034,8,0.8883,0.36557808101177214,12,-0.0983447818085551,0.0026000000000000467,0.5999999997,-0.021399999999999954,False,MNIST
2000,9,19,0.896,0.3435178489983082,8,0.8921,0.3940525206923485,8,0.8806,0.402884356379509,11,-0.0505346716940403,0.0039000000000000146,0.5789473681163435,-0.018099999999999984,False,MNIST
5000,0,16,0.9189,0.286538299292326,200,0.9174,0.30136965441703795,8,0.9102,0.30701394358277323,-184,-0.014831355124711953,0.0015000000000000568,-11.4999999928125,0.36950000000000005,True,MNIST
5000,1,21,0.9194,0.2543106698840857,8,0.916,0.2939684513807297,8,0.9104,0.2464436382651329,13,-0.03965778149664401,0.0033999999999999586,0.6190476187528344,-0.022600000000000044,False,MNIST
5000,2,14,0.9182,0.3225970903038979,10,0.908,0.264115379974246,8,0.9103,0.2804684952497482,4,0.05848171032965188,0.010199999999999987,0.28571428551020406,0.0021999999999999867,True,MNIST
5000,3,17,0.9203,0.22887059509754182,8,0.9172,0.29424153739213943,8,0.9172,0.27019891946017743,9,-0.06537094229459761,0.0030999999999999917,0.5294117643944637,-0.01490000000000001,False,MNIST
5000,4,23,0.9174,0.2811777090579271,8,0.9112,0.3217068682014942,8,0.9131,0.3037335330247879,15,-0.040529159143567084,0.006199999999999983,0.6521739127599243,-0.023800000000000016,False,MNIST
5000,5,16,0.9153,0.3365582904815674,8,0.9164,0.27967795414477586,8,0.9113,0.2517475138604641,8,0.056880336336791515,-0.0010999999999999899,0.4999999996875,-0.01709999999999999,False,MNIST
5000,6,28,0.9191,0.23472065866552294,8,0.9135,0.22883254677057266,9,0.9174,0.2525381328761578,20,0.005888111894950282,0.005600000000000049,0.7142857140306123,-0.03439999999999995,False,MNIST
5000,7,23,0.9177,0.2813953202366829,9,0.9119,0.26648134577274324,8,0.9132,0.28873331570625305,14,0.014913974463939661,0.005799999999999916,0.6086956519092628,-0.022200000000000084,False,MNIST
5000,8,22,0.9208,0.2663532100617886,200,0.9166,0.2739984236061573,8,0.9147,0.28775880229473116,-178,-0.007645213544368701,0.0041999999999999815,-8.090909087231404,0.36019999999999996,True,MNIST
5000,9,22,0.9213,0.23596752996742726,8,0.9147,0.30127517859637737,8,0.904,0.3140625359416008,14,-0.06530764862895011,0.00660000000000005,0.6363636360743802,-0.02139999999999995,False,MNIST
500,0,15,0.2793,2.0343233919143677,200,0.281,1.9824113655090332,14,0.2598,2.019031295776367,-185,0.051912026405334544,-0.0017000000000000348,-12.333333325111111,0.36829999999999996,True,CIFAR-10
500,1,14,0.278,2.132763633728027,200,0.2642,1.979259204864502,12,0.2659,1.9310807991027832,-186,0.15350442886352522,0.013800000000000034,-13.285714276224489,0.38580000000000003,True,CIFAR-10
500,2,22,0.2942,1.9894515132904054,200,0.2774,1.9674800395965577,13,0.2821,1.9074187231063844,-178,0.021971473693847665,0.016800000000000037,-8.090909087231404,0.3728,True,CIFAR-10
500,3,19,0.2927,2.037506036758423,200,0.2897,1.9141380214691162,14,0.2648,2.0063650131225588,-181,0.12336801528930685,0.0030000000000000027,-9.526315784459833,0.365,True,CIFAR-10
500,4,14,0.2387,2.0660267543792723,200,0.2768,2.019456033706665,8,0.2444,2.074089756011963,-186,0.04657072067260737,-0.038099999999999995,-13.285714276224489,0.3339,True,CIFAR-10
500,5,13,0.2638,1.989293565750122,200,0.2877,1.8226410484313964,9,0.2608,2.0335380744934084,-187,0.16665251731872566,-0.023900000000000032,-14.384615373550295,0.35009999999999997,True,CIFAR-10
500,6,18,0.2799,1.8713060665130614,200,0.2756,1.9371939086914063,15,0.2754,1.8483299255371093,-182,-0.06588784217834487,0.0042999999999999705,-10.111111105493826,0.36829999999999996,True,CIFAR-10
500,7,14,0.3001,1.9663656902313233,200,0.2874,1.8600503015518188,14,0.2883,1.971648154258728,-186,0.10631538867950452,0.012699999999999989,-13.285714276224489,0.3847,True,CIFAR-10
500,8,12,0.2652,2.036082220077515,200,0.2887,2.0122576427459715,13,0.2362,2.0383125877380373,-188,0.023824577331543306,-0.02350000000000002,-15.66666665361111,0.3525,True,CIFAR-10
500,9,17,0.2716,1.8580634880065918,200,0.2813,1.8955484008789063,18,0.2859,1.8740691375732421,-183,-0.03748491287231448,-0.009699999999999986,-10.764705876020761,0.3563,True,CIFAR-10
1000,0,22,0.3199,1.8374180126190185,200,0.3099,1.8707974529266358,9,0.2836,2.031492204666138,-178,-0.0333794403076173,0.010000000000000009,-8.090909087231404,0.366,True,CIFAR-10
1000,1,14,0.3001,1.9309240627288817,200,0.2969,1.8274138355255127,9,0.2916,1.9992787218093873,-186,0.103510227203369,0.0031999999999999806,-13.285714276224489,0.3752,True,CIFAR-10
1000,2,10,0.266,2.00569504737854,200,0.2927,1.7880463695526123,9,0.3007,1.8921856546401978,-190,0.21764867782592767,-0.0267,-18.999999981,0.3533,True,CIFAR-10
1000,3,26,0.3136,1.8205161952972413,200,0.2883,1.7937518501281737,8,0.2707,1.9861906719207765,-174,0.02676434516906756,0.02529999999999999,-6.6923076897337275,0.3733,True,CIFAR-10
1000,4,14,0.2898,1.9245555210113525,200,0.3052,1.8322493648529052,8,0.2843,1.9480843353271484,-186,0.09230615615844728,-0.015400000000000025,-13.285714276224489,0.3566,True,CIFAR-10
1000,5,31,0.2972,1.8365388345718383,200,0.2861,1.8422309398651122,21,0.3132,1.8207571983337403,-169,-0.005692105293273908,0.011099999999999999,-5.451612901467222,0.3491,True,CIFAR-10
1000,6,18,0.2997,1.9095951986312867,200,0.2842,1.8841353225708009,8,0.2457,1.9976641750335693,-182,0.02545987606048583,0.015500000000000014,-10.111111105493826,0.3795,True,CIFAR-10
1000,7,24,0.3059,1.9061448860168457,200,0.3121,1.9434421062469482,8,0.2653,1.9767909240722656,-176,-0.03729722023010251,-0.006199999999999983,-7.333333330277777,0.3458,True,CIFAR-10
1000,8,22,0.3078,1.882488832473755,200,0.3001,1.9609189414978028,10,0.2971,1.989580316543579,-178,-0.07843010902404779,0.00770000000000004,-8.090909087231404,0.3637,True,CIFAR-10
1000,9,14,0.2913,1.9267104053497315,200,0.2826,1.8334589290618897,10,0.2858,1.9342600727081298,-186,0.0932514762878418,0.008699999999999986,-13.285714276224489,0.3807,True,CIFAR-10
2000,0,22,0.3328,1.811446738243103,200,0.3274,1.7684835052490235,11,0.3294,1.8842021656036376,-178,0.04296323299407945,0.00539999999999996,-8.090909087231404,0.36139999999999994,True,CIFAR-10
2000,1,21,0.3394,1.8133780765533447,200,0.307,1.8780952501296997,8,0.3167,1.9046543502807618,-179,-0.06471717357635498,0.032399999999999984,-8.523809519750566,0.39039999999999997,True,CIFAR-10
2000,2,16,0.3285,1.7975085496902465,200,0.3323,1.8437628412246705,12,0.3062,1.8456593704223634,-184,-0.04625429153442395,-0.00379999999999997,-11.4999999928125,0.3642,True,CIFAR-10
2000,3,13,0.2805,1.908977174758911,200,0.3205,1.7063666248321534,9,0.3185,1.8750431632995606,-187,0.20261054992675764,-0.03999999999999998,-14.384615373550295,0.334,True,CIFAR-10
2000,4,17,0.3413,1.7642683744430543,200,0.3196,1.7850180053710938,20,0.3402,1.7303156709671021,-183,-0.020749630928039497,0.021699999999999997,-10.764705876020761,0.3877,True,CIFAR-10
2000,5,17,0.3178,1.8230114936828614,200,0.3157,1.8225881910324098,12,0.3251,1.8047112035751343,-183,0.0004233026504516513,0.0021000000000000463,-10.764705876020761,0.36810000000000004,True,CIFAR-10
2000,6,20,0.3415,1.7938224649429322,200,0.3332,1.7137797117233275,14,0.3321,1.7744422912597657,-180,0.08004275321960463,0.00830000000000003,-8.9999999955,0.3683,True,CIFAR-10
2000,7,16,0.3326,1.8649276542663573,200,0.3362,1.7341925764083863,9,0.3263,1.8350416755676269,-184,0.130735077857971,-0.003599999999999992,-11.4999999928125,0.3644,True,CIFAR-10
2000,8,18,0.3244,1.820312385559082,200,0.3096,1.7624128580093383,8,0.304,1.9148781299591064,-182,0.05789952754974359,0.014800000000000035,-10.111111105493826,0.3788,True,CIFAR-10
2000,9,28,0.3398,1.7418605995178222,200,0.3373,1.8229060125350953,11,0.3162,1.8702732944488525,-172,-0.08104541301727308,0.0025000000000000022,-6.142857140663265,0.34650000000000003,True,CIFAR-10
5000,0,31,0.3541,1.7034437084197998,200,0.331,1.708068208694458,8,0.3315,1.7928936910629272,-169,-0.0046245002746583275,0.02310000000000001,-5.451612901467222,0.36110000000000003,True,CIFAR-10
5000,1,23,0.365,1.715123911857605,200,0.3571,1.7580577392578125,10,0.3513,1.7845517721176147,-177,-0.04293382740020757,0.007900000000000018,-7.695652170567107,0.3619,True,CIFAR-10
5000,2,21,0.3637,1.7380165948867798,200,0.3456,1.674373010635376,9,0.3615,1.8010106353759765,-179,0.06364358425140382,0.018100000000000005,-8.523809519750566,0.3761,True,CIFAR-10
5000,3,25,0.3359,1.7080614814758301,200,0.3451,1.7256176328659059,8,0.3379,1.8300600671768188,-175,-0.017556151390075714,-0.009200000000000041,-6.9999999972,0.3408,True,CIFAR-10
5000,4,22,0.3451,1.7822439260482787,200,0.3603,1.7648745470046998,13,0.3434,1.7942500419616698,-178,0.017369379043578936,-0.015199999999999991,-8.090909087231404,0.3408,True,CIFAR-10
5000,5,23,0.3782,1.7195249347686767,200,0.363,1.7279567804336549,12,0.3505,1.746783254623413,-177,-0.008431845664978121,0.015199999999999991,-7.695652170567107,0.3692,True,CIFAR-10
5000,6,25,0.363,1.7529384326934814,200,0.3425,1.6899485807418824,8,0.3391,1.791874813079834,-175,0.06298985195159901,0.020499999999999963,-6.9999999972,0.3705,True,CIFAR-10
5000,7,14,0.3565,1.794569938659668,200,0.3503,1.767127374649048,8,0.3363,1.8204483280181885,-186,0.027442564010620174,0.006199999999999983,-13.285714276224489,0.3782,True,CIFAR-10
5000,8,22,0.3438,1.7871904888153076,200,0.3662,1.7220662517547607,15,0.3566,1.8095747327804566,-178,0.06512423706054693,-0.02240000000000003,-8.090909087231404,0.33359999999999995,True,CIFAR-10
5000,9,25,0.3707,1.6988413639068602,200,0.3481,1.7378240509033203,8,0.3332,1.8399619483947753,-175,-0.038982686996460014,0.022599999999999953,-6.9999999972,0.3726,True,CIFAR-10
500,0,58,0.5458515283842795,1.177320246696472,8,0.4978165938864629,1.1495122575759888,8,0.4847161572052402,1.1867408990859984,50,0.027807989120483212,0.04803493449781665,0.8620689653686088,-0.051965065502183355,False,Wine
500,1,23,0.5327510917030568,1.1072523713111877,8,0.48034934497816595,1.2682545113563537,9,0.5502183406113537,1.1930878686904907,15,-0.161002140045166,0.05240174672489084,0.6521739127599243,0.022401746724890842,True,Wine
500,2,48,0.5327510917030568,1.2027287101745605,8,0.4585152838427948,1.2452750849723815,9,0.5283842794759825,1.0953204011917115,40,-0.042546374797820974,0.07423580786026202,0.8333333331597222,-0.005764192139737986,False,Wine
500,3,38,0.537117903930131,1.1095992565155028,8,0.5152838427947598,1.2280706906318664,8,0.5502183406113537,1.208257884979248,30,-0.11847143411636352,0.02183406113537123,0.7894736840027701,-0.03816593886462877,False,Wine
500,4,25,0.5327510917030568,1.143399772644043,8,0.45414847161572053,1.2968719363212586,8,0.44541484716157204,1.2404803085327147,17,-0.1534721636772156,0.07860262008733626,0.679999999728,0.04460262008733626,True,Wine
500,5,33,0.5764192139737991,1.1586260032653808,200,0.5851528384279476,1.0777203512191773,8,0.4890829694323144,1.1212051010131836,-167,0.08090565204620348,-0.008733624454148492,-5.060606059072543,0.3252663755458515,True,Wine
500,6,164,0.5895196506550219,1.1094347953796386,8,0.4585152838427948,1.2176199340820313,8,0.4366812227074236,1.221140422821045,156,-0.10818513870239266,0.1310043668122271,0.9512195121371207,-0.1809956331877729,False,Wine
500,7,22,0.5327510917030568,1.28559494972229,8,0.47161572052401746,1.2477253937721253,8,0.5152838427947598,1.2206603813171386,14,0.037869555950164724,0.06113537117903933,0.6363636360743802,0.033135371179039336,True,Wine
500,8,35,0.5021834061135371,1.3390739727020264,200,0.5851528384279476,1.2339060926437377,8,0.44541484716157204,1.4250504779815674,-165,0.1051678800582887,-0.08296943231441056,-4.714285712938775,0.24703056768558945,True,Wine
500,9,40,0.537117903930131,1.1384032344818116,8,0.4759825327510917,1.1676977276802063,9,0.5545851528384279,1.1595984601974487,32,-0.029294493198394722,0.06113537117903933,0.7999999998,-0.0028646288209606685,False,Wine
1000,0,28,0.4890829694323144,1.0863410657872268,200,0.6157205240174672,1.0555213963399168,8,0.5021834061135371,1.108775993839639,-172,0.03081966944730996,-0.12663755458515286,-6.142857140663265,0.21736244541484717,True,Wine
1000,1,130,0.611353711790393,0.9596030340820062,200,0.5938864628820961,1.1015929449451425,8,0.537117903930131,1.1096423672196642,-70,-0.14198991086313628,0.017467248908296873,-0.5384615384201183,0.1574672489082969,True,Wine
1000,2,55,0.5152838427947598,1.0636422699266443,200,0.6375545851528385,1.0368393320854896,8,0.5545851528384279,1.1265021155440742,-145,0.026802937841154728,-0.12227074235807867,-2.6363636358842975,0.16772925764192131,True,Wine
1000,3,184,0.5938864628820961,0.9900610557670801,200,0.5938864628820961,1.042660202810673,8,0.4759825327510917,1.2510248005715876,-16,-0.05259914704359292,0.0,-0.08695652173440453,0.032,True,Wine
1000,4,20,0.5327510917030568,1.1455581110031878,200,0.6069868995633187,1.0057075795580128,8,0.4890829694323144,1.1297641907884775,-180,0.139850531445175,-0.07423580786026196,-8.9999999955,0.285764192139738,True,Wine
1000,5,35,0.5283842794759825,1.1300190951003404,200,0.6069868995633187,1.0100880219636719,8,0.4585152838427948,1.1498854482760195,-165,0.11993107313666851,-0.0786026200873362,-4.714285712938775,0.2513973799126638,True,Wine
1000,6,56,0.5633187772925764,1.0973271750361542,200,0.5982532751091703,1.0751309368779751,8,0.4585152838427948,1.1644525299958193,-144,0.02219623815817906,-0.03493449781659386,-2.571428570969388,0.2530655021834062,True,Wine
1000,7,33,0.5458515283842795,1.1947743351993665,200,0.5851528384279476,1.1182115902014769,8,0.49344978165938863,1.172023391463066,-167,0.07656274499788962,-0.0393013100436681,-5.060606059072543,0.2946986899563319,True,Wine
1000,8,39,0.5676855895196506,1.1394495162807527,200,0.6331877729257642,1.069275986301443,8,0.5152838427947598,1.0590844910001493,-161,0.07017352997930981,-0.06550218340611358,-4.128205127146614,0.25649781659388643,True,Wine
1000,9,32,0.49344978165938863,1.100379549740442,200,0.5851528384279476,1.0658162864830976,8,0.49344978165938863,1.0868252926185482,-168,0.03456326325734449,-0.091703056768559,-5.249999998359375,0.24429694323144102,True,Wine
2000,0,15,0.5545851528384279,1.0908287320632102,200,0.5982532751091703,1.117046222660711,8,0.5109170305676856,1.2135880592742252,-185,-0.02621749059750078,-0.04366812227074235,-12.333333325111111,0.32633187772925765,True,Wine
2000,1,12,0.48034934497816595,1.17618759864015,200,0.62882096069869,1.0326646595704752,8,0.5458515283842795,1.1732829333654518,-188,0.14352293906967484,-0.14847161572052403,-15.66666665361111,0.22752838427947597,True,Wine
2000,2,36,0.5240174672489083,1.1884619648990735,200,0.5764192139737991,1.1844934045942754,8,0.49344978165938863,1.1556202922362449,-164,0.0039685603047980855,-0.05240174672489084,-4.555555554290123,0.2755982532751092,True,Wine
2000,3,27,0.5152838427947598,1.1005786286025752,200,0.5895196506550219,1.0648469172540258,8,0.462882096069869,1.1651603133300614,-173,0.035731711348549355,-0.07423580786026207,-6.407407405034293,0.27176419213973796,True,Wine
2000,4,63,0.5720524017467249,1.1000150774346023,200,0.6200873362445415,1.0013317872917717,8,0.5240174672489083,1.1325701944163589,-137,0.0986832901428305,-0.048034934497816595,-2.1746031742579994,0.22596506550218343,True,Wine
2000,5,71,0.5676855895196506,1.0921156412916757,200,0.6157205240174672,1.0692262222858075,8,0.4759825327510917,1.1140619275348433,-129,0.02288941900586816,-0.048034934497816595,-1.8169014081948027,0.2099650655021834,True,Wine
2000,6,27,0.4890829694323144,1.1127652607328904,200,0.6244541484716157,1.0763117882723365,8,0.519650655021834,1.1894277412383283,-173,0.03645347246055386,-0.13537117903930135,-6.407407405034293,0.21062882096069868,True,Wine
2000,7,28,0.5109170305676856,1.2272765610387417,200,0.6157205240174672,1.1022234217065279,8,0.5109170305676856,1.0787997027563918,-172,0.12505313933221385,-0.10480349344978168,-6.142857140663265,0.23919650655021835,True,Wine
2000,8,18,0.5589519650655022,1.0987328369109357,200,0.6419213973799127,1.1631796936519812,8,0.5152838427947598,1.1233387214889943,-182,-0.06444685674104544,-0.08296943231441056,-10.111111105493826,0.2810305676855894,True,Wine
2000,9,33,0.5414847161572053,1.0876760495816424,200,0.5895196506550219,1.1296885759452653,8,0.5152838427947598,1.1089043851758613,-167,-0.04201252636362285,-0.048034934497816595,-5.060606059072543,0.2859650655021834,True,Wine
5000,0,122,0.5851528384279476,1.0394581774544847,200,0.611353711790393,1.150363614650372,8,0.5065502183406113,1.2844754473759177,-78,-0.1109054371958873,-0.026200873362445365,-0.6393442622426767,0.12979912663755463,True,Wine
5000,1,24,0.5589519650655022,1.1457998075120437,200,0.5938864628820961,1.0477502645690584,8,0.5152838427947598,1.1604506402719217,-176,0.09804954294298529,-0.03493449781659397,-7.333333330277777,0.317065502183406,True,Wine
5000,2,41,0.5807860262008734,1.2152242627951617,200,0.6069868995633187,1.0582431880502754,8,0.4978165938864629,1.1297903139083112,-159,0.15698107474488632,-0.026200873362445365,-3.878048779541939,0.29179912663755464,True,Wine
5000,3,148,0.5633187772925764,1.0729384135678817,200,0.5895196506550219,1.1066510038949102,8,0.519650655021834,1.1642996229109217,-52,-0.03371259032702856,-0.026200873362445476,-0.35135135132761136,0.07779912663755453,True,Wine
5000,4,26,0.48034934497816595,1.1713187355812782,200,0.611353711790393,1.060297376471139,8,0.4978165938864629,1.1077301417543588,-174,0.11102135911013922,-0.13100436681222705,-6.6923076897337275,0.21699563318777298,True,Wine
5000,5,173,0.5807860262008734,1.0557357151000226,200,0.6200873362445415,1.009331986552379,8,0.4890829694323144,1.2128548739386387,-27,0.04640372854764352,-0.0393013100436681,-0.15606936415282835,0.014698689956331897,True,Wine
5000,6,28,0.5502183406113537,1.1291133158845328,200,0.6244541484716157,1.0272321648936453,9,0.5502183406113537,1.2339281039159806,-172,0.10188115099088746,-0.07423580786026207,-6.142857140663265,0.26976419213973796,True,Wine
5000,7,38,0.5633187772925764,1.1095891806597267,200,0.5982532751091703,1.013110797913348,8,0.4585152838427948,1.2344873000363834,-162,0.09647838274637865,-0.03493449781659386,-4.263157893614959,0.28906550218340615,True,Wine
5000,8,51,0.5589519650655022,1.11399502506673,200,0.6157205240174672,1.002956919982785,8,0.47161572052401746,1.3446997006734211,-149,0.11103810508394507,-0.05676855895196509,-2.921568626878124,0.2412314410480349,True,Wine
5000,9,184,0.6069868995633187,1.0351274156831,200,0.611353711790393,1.1329776615392966,8,0.5589519650655022,1.1480240678526665,-16,-0.0978502458561965,-0.004366812227074246,-0.08695652173440453,0.027633187772925755,True,Wine
