task,holdout,is_classifier,train_size,run,strat,epochs,quality,oracle
MNIST,False,True,300,0,early,51,0.8323999643325806,0.8348999619483948
MNIST,False,True,300,0,smart_trend,41,0.8276000022888184,0.8348999619483948
MNIST,False,True,300,0,smart_meta,41,0.8276000022888184,0.8348999619483948
MNIST,False,True,300,0,param,75,0.8348999619483948,0.8348999619483948
MNIST,False,True,300,1,early,54,0.8428999781608582,0.8428999781608582
MNIST,False,True,300,1,smart_trend,38,0.8285999894142151,0.8428999781608582
MNIST,False,True,300,1,smart_meta,37,0.8326999545097351,0.8428999781608582
MNIST,False,True,300,1,param,69,0.8428999781608582,0.8428999781608582
MNIST,False,True,300,2,early,59,0.8499000072479248,0.8499999642372131
MNIST,False,True,300,2,smart_trend,44,0.8428999781608582,0.8499999642372131
MNIST,False,True,300,2,smart_meta,44,0.8428999781608582,0.8499999642372131
MNIST,False,True,300,2,param,87,0.8499999642372131,0.8499999642372131
MNIST,False,True,300,3,early,57,0.8482999801635742,0.8482999801635742
MNIST,False,True,300,3,smart_trend,42,0.8364999890327454,0.8482999801635742
MNIST,False,True,300,3,smart_meta,42,0.8364999890327454,0.8482999801635742
MNIST,False,True,300,3,param,79,0.8482999801635742,0.8482999801635742
MNIST,False,True,800,0,early,37,0.8823999762535095,0.8845999836921692
MNIST,False,True,800,0,smart_trend,35,0.8823999762535095,0.8845999836921692
MNIST,False,True,800,0,smart_meta,31,0.8783999681472778,0.8845999836921692
MNIST,False,True,800,0,param,30,0.8772000074386597,0.8845999836921692
MNIST,False,True,800,1,early,51,0.8912000060081482,0.8912000060081482
MNIST,False,True,800,1,smart_trend,37,0.8868999481201172,0.8912000060081482
MNIST,False,True,800,1,smart_meta,31,0.8840999603271484,0.8912000060081482
MNIST,False,True,800,1,param,26,0.8784999847412109,0.8912000060081482
MNIST,False,True,800,2,early,37,0.8804999589920044,0.8804999589920044
MNIST,False,True,800,2,smart_trend,31,0.8789999485015869,0.8804999589920044
MNIST,False,True,800,2,smart_meta,27,0.8769999742507935,0.8804999589920044
MNIST,False,True,800,2,param,30,0.8789999485015869,0.8804999589920044
MNIST,False,True,800,3,early,38,0.8884999752044678,0.8884999752044678
MNIST,False,True,800,3,smart_trend,28,0.8835999965667725,0.8884999752044678
MNIST,False,True,800,3,smart_meta,27,0.8835999965667725,0.8884999752044678
MNIST,False,True,800,3,param,33,0.8884999752044678,0.8884999752044678
MNIST,False,True,2000,0,early,36,0.910099983215332,0.910099983215332
MNIST,False,True,2000,0,smart_trend,26,0.9075999855995178,0.910099983215332
MNIST,False,True,2000,0,smart_meta,25,0.9075999855995178,0.910099983215332
MNIST,False,True,2000,0,param,11,0.890999972820282,0.910099983215332
MNIST,False,True,2000,1,early,39,0.9091999530792236,0.9091999530792236
MNIST,False,True,2000,1,smart_trend,29,0.9093999862670898,0.9091999530792236
MNIST,False,True,2000,1,smart_meta,24,0.905299961566925,0.9091999530792236
MNIST,False,True,2000,1,param,11,0.886199951171875,0.9091999530792236
MNIST,False,True,2000,2,early,37,0.910099983215332,0.910099983215332
MNIST,False,True,2000,2,smart_trend,25,0.9070000052452087,0.910099983215332
MNIST,False,True,2000,2,smart_meta,24,0.9070000052452087,0.910099983215332
MNIST,False,True,2000,2,param,11,0.8894999623298645,0.910099983215332
MNIST,False,True,2000,3,early,28,0.9128999710083008,0.9152999520301819
MNIST,False,True,2000,3,smart_trend,25,0.9128999710083008,0.9152999520301819
MNIST,False,True,2000,3,smart_meta,25,0.9128999710083008,0.9152999520301819
MNIST,False,True,2000,3,param,11,0.899399995803833,0.9152999520301819
MNIST,False,True,5000,0,early,34,0.9386999607086182,0.9386999607086182
MNIST,False,True,5000,0,smart_trend,23,0.9335999488830566,0.9386999607086182
MNIST,False,True,5000,0,smart_meta,23,0.9335999488830566,0.9386999607086182
MNIST,False,True,5000,0,param,11,0.9199000000953674,0.9386999607086182
MNIST,False,True,5000,1,early,25,0.9327999949455261,0.9386999607086182
MNIST,False,True,5000,1,smart_trend,24,0.9327999949455261,0.9386999607086182
MNIST,False,True,5000,1,smart_meta,23,0.9327999949455261,0.9386999607086182
MNIST,False,True,5000,1,param,11,0.9195999503135681,0.9386999607086182
MNIST,False,True,5000,2,early,36,0.9400999546051025,0.9400999546051025
MNIST,False,True,5000,2,smart_trend,27,0.9388999938964844,0.9400999546051025
MNIST,False,True,5000,2,smart_meta,23,0.9358999729156494,0.9400999546051025
MNIST,False,True,5000,2,param,11,0.920699954032898,0.9400999546051025
MNIST,False,True,5000,3,early,33,0.9412999749183655,0.9412999749183655
MNIST,False,True,5000,3,smart_trend,26,0.9363999962806702,0.9412999749183655
MNIST,False,True,5000,3,smart_meta,25,0.9376999735832214,0.9412999749183655
MNIST,False,True,5000,3,param,11,0.9211999773979187,0.9412999749183655
CIFAR10,True,True,500,0,early,50,0.2954999804496765,0.29739999771118164
CIFAR10,True,True,500,0,smart_trend,19,0.24899999797344208,0.29739999771118164
CIFAR10,True,True,500,0,smart_meta,18,0.23359999060630798,0.29739999771118164
CIFAR10,True,True,500,0,param,11,0.21599999070167542,0.29739999771118164
CIFAR10,True,True,500,1,early,42,0.3001999855041504,0.3001999855041504
CIFAR10,True,True,500,1,smart_trend,15,0.26089999079704285,0.3001999855041504
CIFAR10,True,True,500,1,smart_meta,18,0.2793999910354614,0.3001999855041504
CIFAR10,True,True,500,1,param,11,0.23409999907016754,0.3001999855041504
CIFAR10,True,True,500,2,early,47,0.2798999845981598,0.2798999845981598
CIFAR10,True,True,500,2,smart_trend,18,0.2149999886751175,0.2798999845981598
CIFAR10,True,True,500,2,smart_meta,25,0.24560000002384186,0.2798999845981598
CIFAR10,True,True,500,2,param,11,0.2028999924659729,0.2798999845981598
CIFAR10,True,True,500,3,early,30,0.26579999923706055,0.2985000014305115
CIFAR10,True,True,500,3,smart_trend,15,0.2312999963760376,0.2985000014305115
CIFAR10,True,True,500,3,smart_meta,21,0.2768000066280365,0.2985000014305115
CIFAR10,True,True,500,3,param,11,0.2028999924659729,0.2985000014305115
CIFAR10,True,True,2000,0,early,46,0.3554999828338623,0.36169999837875366
CIFAR10,True,True,2000,0,smart_trend,18,0.32089999318122864,0.36169999837875366
CIFAR10,True,True,2000,0,smart_meta,14,0.32339999079704285,0.36169999837875366
CIFAR10,True,True,2000,0,param,11,0.28790000081062317,0.36169999837875366
CIFAR10,True,True,2000,1,early,39,0.3515999913215637,0.3515999913215637
CIFAR10,True,True,2000,1,smart_trend,20,0.3304999768733978,0.3515999913215637
CIFAR10,True,True,2000,1,smart_meta,16,0.31540000438690186,0.3515999913215637
CIFAR10,True,True,2000,1,param,11,0.29420000314712524,0.3515999913215637
CIFAR10,True,True,2000,2,early,32,0.346699982881546,0.3515999913215637
CIFAR10,True,True,2000,2,smart_trend,13,0.30889999866485596,0.3515999913215637
CIFAR10,True,True,2000,2,smart_meta,12,0.30059999227523804,0.3515999913215637
CIFAR10,True,True,2000,2,param,11,0.30059999227523804,0.3515999913215637
CIFAR10,True,True,2000,3,early,43,0.3612000048160553,0.3612000048160553
CIFAR10,True,True,2000,3,smart_trend,14,0.3215999901294708,0.3612000048160553
CIFAR10,True,True,2000,3,smart_meta,11,0.30640000104904175,0.3612000048160553
CIFAR10,True,True,2000,3,param,11,0.30640000104904175,0.3612000048160553
CIFAR10,True,True,5000,0,early,20,0.3393999934196472,0.3734000027179718
CIFAR10,True,True,5000,0,smart_trend,12,0.3335999846458435,0.3734000027179718
CIFAR10,True,True,5000,0,smart_meta,11,0.3253999948501587,0.3734000027179718
CIFAR10,True,True,5000,0,param,11,0.3253999948501587,0.3734000027179718
CIFAR10,True,True,5000,1,early,45,0.3862999975681305,0.38609999418258667
CIFAR10,True,True,5000,1,smart_trend,15,0.3479999899864197,0.38609999418258667
CIFAR10,True,True,5000,1,smart_meta,11,0.3423999845981598,0.38609999418258667
CIFAR10,True,True,5000,1,param,11,0.3423999845981598,0.38609999418258667
CIFAR10,True,True,5000,2,early,25,0.35989999771118164,0.3863999843597412
CIFAR10,True,True,5000,2,smart_trend,12,0.3271999955177307,0.3863999843597412
CIFAR10,True,True,5000,2,smart_meta,11,0.33219999074935913,0.3863999843597412
CIFAR10,True,True,5000,2,param,11,0.33219999074935913,0.3863999843597412
CIFAR10,True,True,5000,3,early,30,0.3676999807357788,0.3824999928474426
CIFAR10,True,True,5000,3,smart_trend,16,0.3531999886035919,0.3824999928474426
CIFAR10,True,True,5000,3,smart_meta,14,0.3479999899864197,0.3824999928474426
CIFAR10,True,True,5000,3,param,11,0.3471999764442444,0.3824999928474426
Wine,True,False,300,0,early,22,0.40299711737835786,0.40299711737835786
Wine,True,False,300,0,smart_trend,19,0.40299711737835786,0.40299711737835786
Wine,True,False,300,0,smart_meta,17,0.40299711737835786,0.40299711737835786
Wine,True,False,300,0,param,23,0.40299711737835786,0.40299711737835786
Wine,True,False,300,1,early,17,0.3179519918695405,0.37187579492279565
Wine,True,False,300,1,smart_trend,15,0.3179519918695405,0.37187579492279565
Wine,True,False,300,1,smart_meta,13,0.3179519918695405,0.37187579492279565
Wine,True,False,300,1,param,14,0.3179519918695405,0.37187579492279565
Wine,True,False,300,2,early,31,0.4454981987567914,0.4454981987567914
Wine,True,False,300,2,smart_trend,20,0.4397828996671185,0.4454981987567914
Wine,True,False,300,2,smart_meta,20,0.4397828996671185,0.4454981987567914
Wine,True,False,300,2,param,25,0.4454881144441808,0.4454981987567914
Wine,True,False,300,3,early,25,0.40136119125686753,0.40136119125686753
Wine,True,False,300,3,smart_trend,18,0.3944970562459421,0.40136119125686753
Wine,True,False,300,3,smart_meta,18,0.3944970562459421,0.40136119125686753
Wine,True,False,300,3,param,21,0.40136119125686753,0.40136119125686753
Wine,True,False,600,0,early,15,0.4240081705606954,0.4515675228566337
Wine,True,False,600,0,smart_trend,13,0.4240081705606954,0.4515675228566337
Wine,True,False,600,0,smart_meta,13,0.4240081705606954,0.4515675228566337
Wine,True,False,600,0,param,14,0.4240081705606954,0.4515675228566337
Wine,True,False,600,1,early,27,0.3998890009566993,0.40309074037531656
Wine,True,False,600,1,smart_trend,12,0.38180812679835907,0.40309074037531656
Wine,True,False,600,1,smart_meta,11,0.3758666765560581,0.40309074037531656
Wine,True,False,600,1,param,11,0.3758666765560581,0.40309074037531656
Wine,True,False,600,2,early,35,0.4492544560280134,0.4492544560280134
Wine,True,False,600,2,smart_trend,15,0.4351241262524932,0.4492544560280134
Wine,True,False,600,2,smart_meta,20,0.44257088391625754,0.4492544560280134
Wine,True,False,600,2,param,15,0.4351241262524932,0.4492544560280134
Wine,True,False,600,3,early,20,0.41505950669333047,0.42952816814046035
Wine,True,False,600,3,smart_trend,14,0.41348695063096697,0.42952816814046035
Wine,True,False,600,3,smart_meta,13,0.4116360914087468,0.42952816814046035
Wine,True,False,600,3,param,14,0.41348695063096697,0.42952816814046035
